﻿name;alphaacid;country
Amarillo;10%;USA
Cascade US;6,8%;USA
El Dorado;15%;USA
Sabro;15%;USA
Citra;13%;USA
Centennial;9,8%;USA
Chinook;14%;USA
Loral;10,2%;USA
Mosaic;12%;USA
Lemondrop;7%;USA
Simcoe ;13%;USA
Tomahawk;16%;USA
Azacca;14,2%;USA
Ekuanot;13,5%;USA
Willamette;5,5%;USA
Warrior;17%;USA
Splat Select;5,3%;Germany
Brewers Gold;8,2%;English
Magnum;14,5%;Germany
Northern Brewer;11,2%;Germany
Ariana;12,1%;Germany
Callista;3,9%;Germany
Saphir;4,6%;Germany
Tettnanger;4,2%;Germany
Styrian Goldings;4,4%;Slovenia
East Kent Golding;5,5%;England
Hallertau Mittelfrüh;4,1%;Germany
Saaz;3,6%;Czechia
Hallertau Hersbrucker;3,5%;Germany
Target;10,5%;England
Fuggles;5,2%;England
Mandaria Bavaria;9,5%;Germany
Huell Melon;6,3%;Germany
Hallertau Blanc;7,6%;Germany
Challenger;7,2%;England
Hallertau Perle;8,5%;Germany
Nectaron;12%;New Zealand
Wakatu;6,4%;New Zealand
Nelson Sauvin;11,9%;New Zealand
Galaxy;13%;Australia
Vic Secret;15,8%;Australia
