﻿name;ebc
Maris Otter;6
Viking Caramel Pale;8
Viking Munich Dark;22
Viking Red Ale;70
Extra Prémium Pilsner;2
Viking Pilsner ;3
Vienna;7
Müncheni;12
Viking Pale Ale;5
Pale Ale;5,5
Carapils;2,5
Viking Búza;3
Viking Golden Ale;11
Viking Zab;4,5
Viking Red Active Ale;35
Búzamaláta;3
Caramünich Type I.;80
Caramünich Type II.;110
Caramünich Type III.;130
Carahell;20
Cara-Red;40
Caraamber;60
Keksz;50
Viking Keksz;50
Viking Cseresznyefán Füstölt;7
Viking Whisky;0
Viking Cara Body;7
Viking Füstölt Búza;8
Füstölt Búzamaláta;5
Wheat Dark;15
Füstölt (Rauch);4
Caracrystal;120
Melanoidin;60
Carafa Type I.;800
Carafa Type III.;1400
Carafa Special;1500
Viking Chocolate;800
Pörkölt árpa;1000
Chocolate;1400
Special B;350
Carabohemian;190
Cararye;160
Abbey Malt;40
Rozsmaláta;6
Carabelge;30
Acidualted;6
Chateau Black;1500
Brown;450
