﻿name;manifacturer
SafCider;Fermentis
SafBrew BR-8;Fermentis
SafALe US 05;Fermentis
SafAle S-04;Fermentis
SafBrew WB-06;Fermentis
SafAle K-97;Fermentis
SafAle Saison BE-134;Fermentis
SafBrew BE-256;Fermentis
SafBrew S-33;Fermentis
SafBrew T-58;Fermentis
SafLager E-30;Fermentis
SafLager W34/70;Fermentis
SafBrew F-2;Fermentis
SafAle S-23;Fermentis
Cider;Brew Ar Tech
US West Coast Ale;Brew Ar Tech
Kölsch Ale;Brew Ar Tech
Bristish Ale;Brew Ar Tech
Belgian Wit;Brew Ar Tech
Pomona;Lallemand
New England;Lallemand
Novalager;Lallemand
Verdant IPA;Lallemand
Voss Kveik;Lallemand
Wildbrew Philly Sour;Lallemand
Farmhouse;Lallemand
Wit;Lallemand
Abbaye;Lallemand
Belle Saison;Lallemand
Dry-97;Lallemand
CBC-1;Lallemand
Kölsch;Lallemand
London ESB;Lallemand
Munich Classic;Lallemand
Munich;Lallemand
Nottingham British Ale;Lallemand
Windsor Ale;Lallemand
US West Coast M44;Mangrove Jack's
Hophead Ale M66;Mangrove Jack's
Kveik M12;Mangrove Jack's
Versa M24;Mangrove Jack's
New World Strong M42;Mangrove Jack's
Bavarian Wheat M20;Mangrove Jack's
Bohemian M84;Mangrove Jack's
Mead M05;Mangrove Jack's
French Saison M29;Mangrove Jack's
Empire M15;Mangrove Jack's
Belgian Wit M21;Mangrove Jack's
Belgian Triple M31;Mangrove Jack's
Liberty Bell M36;Mangrove Jack's
Belgian Ale M41;Mangrove Jack's
Belgian Abbey M47;Mangrove Jack's
Californian Lager M54;Mangrove Jack's
Bavarian Lager M76;Mangrove Jack's
Cider M02;Mangrove Jack's
